"TIME","GEO","UNIT","COICOP","Value","Flag and Footnotes"
"1997M01","Europäische Union (EU6-1958, EU9-1973, EU10-1981, EU12-1986, EU15-1995, EU25-2004, EU27-2007, EU28-2013, EU27-2020)","Jährliche Veränderungsrate","Gesamt-HVPI","2,2",""
"1997M02","Europäische Union (EU6-1958, EU9-1973, EU10-1981, EU12-1986, EU15-1995, EU25-2004, EU27-2007, EU28-2013, EU27-2020)","Jährliche Veränderungsrate","Gesamt-HVPI","2,0",""
"1997M03","Europäische Union (EU6-1958, EU9-1973, EU10-1981, EU12-1986, EU15-1995, EU25-2004, EU27-2007, EU28-2013, EU27-2020)","Jährliche Veränderungsrate","Gesamt-HVPI","1,7",""
"1997M04","Europäische Union (EU6-1958, EU9-1973, EU10-1981, EU12-1986, EU15-1995, EU25-2004, EU27-2007, EU28-2013, EU27-2020)","Jährliche Veränderungsrate","Gesamt-HVPI","1,5",""
"1997M05","Europäische Union (EU6-1958, EU9-1973, EU10-1981, EU12-1986, EU15-1995, EU25-2004, EU27-2007, EU28-2013, EU27-2020)","Jährliche Veränderungsrate","Gesamt-HVPI","1,5",""
"1997M06","Europäische Union (EU6-1958, EU9-1973, EU10-1981, EU12-1986, EU15-1995, EU25-2004, EU27-2007, EU28-2013, EU27-2020)","Jährliche Veränderungsrate","Gesamt-HVPI","1,5",""
"1997M07","Europäische Union (EU6-1958, EU9-1973, EU10-1981, EU12-1986, EU15-1995, EU25-2004, EU27-2007, EU28-2013, EU27-2020)","Jährliche Veränderungsrate","Gesamt-HVPI","1,7",""
"1997M08","Europäische Union (EU6-1958, EU9-1973, EU10-1981, EU12-1986, EU15-1995, EU25-2004, EU27-2007, EU28-2013, EU27-2020)","Jährliche Veränderungsrate","Gesamt-HVPI","1,8",""
"1997M09","Europäische Union (EU6-1958, EU9-1973, EU10-1981, EU12-1986, EU15-1995, EU25-2004, EU27-2007, EU28-2013, EU27-2020)","Jährliche Veränderungsrate","Gesamt-HVPI","1,7",""
"1997M10","Europäische Union (EU6-1958, EU9-1973, EU10-1981, EU12-1986, EU15-1995, EU25-2004, EU27-2007, EU28-2013, EU27-2020)","Jährliche Veränderungsrate","Gesamt-HVPI","1,7",""
"1997M11","Europäische Union (EU6-1958, EU9-1973, EU10-1981, EU12-1986, EU15-1995, EU25-2004, EU27-2007, EU28-2013, EU27-2020)","Jährliche Veränderungsrate","Gesamt-HVPI","1,8",""
"1997M12","Europäische Union (EU6-1958, EU9-1973, EU10-1981, EU12-1986, EU15-1995, EU25-2004, EU27-2007, EU28-2013, EU27-2020)","Jährliche Veränderungsrate","Gesamt-HVPI","1,6",""
"1998M01","Europäische Union (EU6-1958, EU9-1973, EU10-1981, EU12-1986, EU15-1995, EU25-2004, EU27-2007, EU28-2013, EU27-2020)","Jährliche Veränderungsrate","Gesamt-HVPI","1,3",""
"1998M02","Europäische Union (EU6-1958, EU9-1973, EU10-1981, EU12-1986, EU15-1995, EU25-2004, EU27-2007, EU28-2013, EU27-2020)","Jährliche Veränderungsrate","Gesamt-HVPI","1,3",""
"1998M03","Europäische Union (EU6-1958, EU9-1973, EU10-1981, EU12-1986, EU15-1995, EU25-2004, EU27-2007, EU28-2013, EU27-2020)","Jährliche Veränderungsrate","Gesamt-HVPI","1,3",""
"1998M04","Europäische Union (EU6-1958, EU9-1973, EU10-1981, EU12-1986, EU15-1995, EU25-2004, EU27-2007, EU28-2013, EU27-2020)","Jährliche Veränderungsrate","Gesamt-HVPI","1,6",""
"1998M05","Europäische Union (EU6-1958, EU9-1973, EU10-1981, EU12-1986, EU15-1995, EU25-2004, EU27-2007, EU28-2013, EU27-2020)","Jährliche Veränderungsrate","Gesamt-HVPI","1,6",""
"1998M06","Europäische Union (EU6-1958, EU9-1973, EU10-1981, EU12-1986, EU15-1995, EU25-2004, EU27-2007, EU28-2013, EU27-2020)","Jährliche Veränderungsrate","Gesamt-HVPI","1,5",""
"1998M07","Europäische Union (EU6-1958, EU9-1973, EU10-1981, EU12-1986, EU15-1995, EU25-2004, EU27-2007, EU28-2013, EU27-2020)","Jährliche Veränderungsrate","Gesamt-HVPI","1,4",""
"1998M08","Europäische Union (EU6-1958, EU9-1973, EU10-1981, EU12-1986, EU15-1995, EU25-2004, EU27-2007, EU28-2013, EU27-2020)","Jährliche Veränderungsrate","Gesamt-HVPI","1,3",""
"1998M09","Europäische Union (EU6-1958, EU9-1973, EU10-1981, EU12-1986, EU15-1995, EU25-2004, EU27-2007, EU28-2013, EU27-2020)","Jährliche Veränderungsrate","Gesamt-HVPI","1,2",""
"1998M10","Europäische Union (EU6-1958, EU9-1973, EU10-1981, EU12-1986, EU15-1995, EU25-2004, EU27-2007, EU28-2013, EU27-2020)","Jährliche Veränderungsrate","Gesamt-HVPI","1,1",""
"1998M11","Europäische Union (EU6-1958, EU9-1973, EU10-1981, EU12-1986, EU15-1995, EU25-2004, EU27-2007, EU28-2013, EU27-2020)","Jährliche Veränderungsrate","Gesamt-HVPI","1,0",""
"1998M12","Europäische Union (EU6-1958, EU9-1973, EU10-1981, EU12-1986, EU15-1995, EU25-2004, EU27-2007, EU28-2013, EU27-2020)","Jährliche Veränderungsrate","Gesamt-HVPI","1,0",""
"1999M01","Europäische Union (EU6-1958, EU9-1973, EU10-1981, EU12-1986, EU15-1995, EU25-2004, EU27-2007, EU28-2013, EU27-2020)","Jährliche Veränderungsrate","Gesamt-HVPI","1,0",""
"1999M02","Europäische Union (EU6-1958, EU9-1973, EU10-1981, EU12-1986, EU15-1995, EU25-2004, EU27-2007, EU28-2013, EU27-2020)","Jährliche Veränderungsrate","Gesamt-HVPI","0,9",""
"1999M03","Europäische Union (EU6-1958, EU9-1973, EU10-1981, EU12-1986, EU15-1995, EU25-2004, EU27-2007, EU28-2013, EU27-2020)","Jährliche Veränderungsrate","Gesamt-HVPI","1,1",""
"1999M04","Europäische Union (EU6-1958, EU9-1973, EU10-1981, EU12-1986, EU15-1995, EU25-2004, EU27-2007, EU28-2013, EU27-2020)","Jährliche Veränderungsrate","Gesamt-HVPI","1,2",""
"1999M05","Europäische Union (EU6-1958, EU9-1973, EU10-1981, EU12-1986, EU15-1995, EU25-2004, EU27-2007, EU28-2013, EU27-2020)","Jährliche Veränderungsrate","Gesamt-HVPI","1,0",""
"1999M06","Europäische Union (EU6-1958, EU9-1973, EU10-1981, EU12-1986, EU15-1995, EU25-2004, EU27-2007, EU28-2013, EU27-2020)","Jährliche Veränderungsrate","Gesamt-HVPI","1,0",""
"1999M07","Europäische Union (EU6-1958, EU9-1973, EU10-1981, EU12-1986, EU15-1995, EU25-2004, EU27-2007, EU28-2013, EU27-2020)","Jährliche Veränderungsrate","Gesamt-HVPI","1,1",""
"1999M08","Europäische Union (EU6-1958, EU9-1973, EU10-1981, EU12-1986, EU15-1995, EU25-2004, EU27-2007, EU28-2013, EU27-2020)","Jährliche Veränderungsrate","Gesamt-HVPI","1,2",""
"1999M09","Europäische Union (EU6-1958, EU9-1973, EU10-1981, EU12-1986, EU15-1995, EU25-2004, EU27-2007, EU28-2013, EU27-2020)","Jährliche Veränderungsrate","Gesamt-HVPI","1,3",""
"1999M10","Europäische Union (EU6-1958, EU9-1973, EU10-1981, EU12-1986, EU15-1995, EU25-2004, EU27-2007, EU28-2013, EU27-2020)","Jährliche Veränderungsrate","Gesamt-HVPI","1,3",""
"1999M11","Europäische Union (EU6-1958, EU9-1973, EU10-1981, EU12-1986, EU15-1995, EU25-2004, EU27-2007, EU28-2013, EU27-2020)","Jährliche Veränderungsrate","Gesamt-HVPI","1,4",""
"1999M12","Europäische Union (EU6-1958, EU9-1973, EU10-1981, EU12-1986, EU15-1995, EU25-2004, EU27-2007, EU28-2013, EU27-2020)","Jährliche Veränderungsrate","Gesamt-HVPI","1,7",""
"2000M01","Europäische Union (EU6-1958, EU9-1973, EU10-1981, EU12-1986, EU15-1995, EU25-2004, EU27-2007, EU28-2013, EU27-2020)","Jährliche Veränderungsrate","Gesamt-HVPI","1,7",""
"2000M02","Europäische Union (EU6-1958, EU9-1973, EU10-1981, EU12-1986, EU15-1995, EU25-2004, EU27-2007, EU28-2013, EU27-2020)","Jährliche Veränderungsrate","Gesamt-HVPI","1,8",""
"2000M03","Europäische Union (EU6-1958, EU9-1973, EU10-1981, EU12-1986, EU15-1995, EU25-2004, EU27-2007, EU28-2013, EU27-2020)","Jährliche Veränderungsrate","Gesamt-HVPI","1,8",""
"2000M04","Europäische Union (EU6-1958, EU9-1973, EU10-1981, EU12-1986, EU15-1995, EU25-2004, EU27-2007, EU28-2013, EU27-2020)","Jährliche Veränderungsrate","Gesamt-HVPI","1,5",""
"2000M05","Europäische Union (EU6-1958, EU9-1973, EU10-1981, EU12-1986, EU15-1995, EU25-2004, EU27-2007, EU28-2013, EU27-2020)","Jährliche Veränderungsrate","Gesamt-HVPI","1,6",""
"2000M06","Europäische Union (EU6-1958, EU9-1973, EU10-1981, EU12-1986, EU15-1995, EU25-2004, EU27-2007, EU28-2013, EU27-2020)","Jährliche Veränderungsrate","Gesamt-HVPI","1,9",""
"2000M07","Europäische Union (EU6-1958, EU9-1973, EU10-1981, EU12-1986, EU15-1995, EU25-2004, EU27-2007, EU28-2013, EU27-2020)","Jährliche Veränderungsrate","Gesamt-HVPI","1,9",""
"2000M08","Europäische Union (EU6-1958, EU9-1973, EU10-1981, EU12-1986, EU15-1995, EU25-2004, EU27-2007, EU28-2013, EU27-2020)","Jährliche Veränderungsrate","Gesamt-HVPI","1,8",""
"2000M09","Europäische Union (EU6-1958, EU9-1973, EU10-1981, EU12-1986, EU15-1995, EU25-2004, EU27-2007, EU28-2013, EU27-2020)","Jährliche Veränderungsrate","Gesamt-HVPI","2,2",""
"2000M10","Europäische Union (EU6-1958, EU9-1973, EU10-1981, EU12-1986, EU15-1995, EU25-2004, EU27-2007, EU28-2013, EU27-2020)","Jährliche Veränderungsrate","Gesamt-HVPI","2,2",""
"2000M11","Europäische Union (EU6-1958, EU9-1973, EU10-1981, EU12-1986, EU15-1995, EU25-2004, EU27-2007, EU28-2013, EU27-2020)","Jährliche Veränderungsrate","Gesamt-HVPI","2,3",""
"2000M12","Europäische Union (EU6-1958, EU9-1973, EU10-1981, EU12-1986, EU15-1995, EU25-2004, EU27-2007, EU28-2013, EU27-2020)","Jährliche Veränderungsrate","Gesamt-HVPI","2,2",""
"2001M01","Europäische Union (EU6-1958, EU9-1973, EU10-1981, EU12-1986, EU15-1995, EU25-2004, EU27-2007, EU28-2013, EU27-2020)","Jährliche Veränderungsrate","Gesamt-HVPI","1,9",""
"2001M02","Europäische Union (EU6-1958, EU9-1973, EU10-1981, EU12-1986, EU15-1995, EU25-2004, EU27-2007, EU28-2013, EU27-2020)","Jährliche Veränderungsrate","Gesamt-HVPI","1,8",""
"2001M03","Europäische Union (EU6-1958, EU9-1973, EU10-1981, EU12-1986, EU15-1995, EU25-2004, EU27-2007, EU28-2013, EU27-2020)","Jährliche Veränderungsrate","Gesamt-HVPI","2,0",""
"2001M04","Europäische Union (EU6-1958, EU9-1973, EU10-1981, EU12-1986, EU15-1995, EU25-2004, EU27-2007, EU28-2013, EU27-2020)","Jährliche Veränderungsrate","Gesamt-HVPI","2,5",""
"2001M05","Europäische Union (EU6-1958, EU9-1973, EU10-1981, EU12-1986, EU15-1995, EU25-2004, EU27-2007, EU28-2013, EU27-2020)","Jährliche Veränderungsrate","Gesamt-HVPI","2,8",""
"2001M06","Europäische Union (EU6-1958, EU9-1973, EU10-1981, EU12-1986, EU15-1995, EU25-2004, EU27-2007, EU28-2013, EU27-2020)","Jährliche Veränderungsrate","Gesamt-HVPI","2,7",""
"2001M07","Europäische Union (EU6-1958, EU9-1973, EU10-1981, EU12-1986, EU15-1995, EU25-2004, EU27-2007, EU28-2013, EU27-2020)","Jährliche Veränderungsrate","Gesamt-HVPI","2,4",""
"2001M08","Europäische Union (EU6-1958, EU9-1973, EU10-1981, EU12-1986, EU15-1995, EU25-2004, EU27-2007, EU28-2013, EU27-2020)","Jährliche Veränderungsrate","Gesamt-HVPI","2,3",""
"2001M09","Europäische Union (EU6-1958, EU9-1973, EU10-1981, EU12-1986, EU15-1995, EU25-2004, EU27-2007, EU28-2013, EU27-2020)","Jährliche Veränderungsrate","Gesamt-HVPI","2,1",""
"2001M10","Europäische Union (EU6-1958, EU9-1973, EU10-1981, EU12-1986, EU15-1995, EU25-2004, EU27-2007, EU28-2013, EU27-2020)","Jährliche Veränderungsrate","Gesamt-HVPI","2,1",""
"2001M11","Europäische Union (EU6-1958, EU9-1973, EU10-1981, EU12-1986, EU15-1995, EU25-2004, EU27-2007, EU28-2013, EU27-2020)","Jährliche Veränderungsrate","Gesamt-HVPI","1,8",""
"2001M12","Europäische Union (EU6-1958, EU9-1973, EU10-1981, EU12-1986, EU15-1995, EU25-2004, EU27-2007, EU28-2013, EU27-2020)","Jährliche Veränderungsrate","Gesamt-HVPI","1,9",""
"2002M01","Europäische Union (EU6-1958, EU9-1973, EU10-1981, EU12-1986, EU15-1995, EU25-2004, EU27-2007, EU28-2013, EU27-2020)","Jährliche Veränderungsrate","Gesamt-HVPI","2,4",""
"2002M02","Europäische Union (EU6-1958, EU9-1973, EU10-1981, EU12-1986, EU15-1995, EU25-2004, EU27-2007, EU28-2013, EU27-2020)","Jährliche Veränderungsrate","Gesamt-HVPI","2,3",""
"2002M03","Europäische Union (EU6-1958, EU9-1973, EU10-1981, EU12-1986, EU15-1995, EU25-2004, EU27-2007, EU28-2013, EU27-2020)","Jährliche Veränderungsrate","Gesamt-HVPI","2,4",""
"2002M04","Europäische Union (EU6-1958, EU9-1973, EU10-1981, EU12-1986, EU15-1995, EU25-2004, EU27-2007, EU28-2013, EU27-2020)","Jährliche Veränderungsrate","Gesamt-HVPI","2,2",""
"2002M05","Europäische Union (EU6-1958, EU9-1973, EU10-1981, EU12-1986, EU15-1995, EU25-2004, EU27-2007, EU28-2013, EU27-2020)","Jährliche Veränderungsrate","Gesamt-HVPI","1,8",""
"2002M06","Europäische Union (EU6-1958, EU9-1973, EU10-1981, EU12-1986, EU15-1995, EU25-2004, EU27-2007, EU28-2013, EU27-2020)","Jährliche Veränderungsrate","Gesamt-HVPI","1,7",""
"2002M07","Europäische Union (EU6-1958, EU9-1973, EU10-1981, EU12-1986, EU15-1995, EU25-2004, EU27-2007, EU28-2013, EU27-2020)","Jährliche Veränderungsrate","Gesamt-HVPI","1,8",""
"2002M08","Europäische Union (EU6-1958, EU9-1973, EU10-1981, EU12-1986, EU15-1995, EU25-2004, EU27-2007, EU28-2013, EU27-2020)","Jährliche Veränderungsrate","Gesamt-HVPI","1,9",""
"2002M09","Europäische Union (EU6-1958, EU9-1973, EU10-1981, EU12-1986, EU15-1995, EU25-2004, EU27-2007, EU28-2013, EU27-2020)","Jährliche Veränderungsrate","Gesamt-HVPI","1,9",""
"2002M10","Europäische Union (EU6-1958, EU9-1973, EU10-1981, EU12-1986, EU15-1995, EU25-2004, EU27-2007, EU28-2013, EU27-2020)","Jährliche Veränderungsrate","Gesamt-HVPI","2,1",""
"2002M11","Europäische Union (EU6-1958, EU9-1973, EU10-1981, EU12-1986, EU15-1995, EU25-2004, EU27-2007, EU28-2013, EU27-2020)","Jährliche Veränderungsrate","Gesamt-HVPI","2,2",""
"2002M12","Europäische Union (EU6-1958, EU9-1973, EU10-1981, EU12-1986, EU15-1995, EU25-2004, EU27-2007, EU28-2013, EU27-2020)","Jährliche Veränderungsrate","Gesamt-HVPI","2,2",""
"2003M01","Europäische Union (EU6-1958, EU9-1973, EU10-1981, EU12-1986, EU15-1995, EU25-2004, EU27-2007, EU28-2013, EU27-2020)","Jährliche Veränderungsrate","Gesamt-HVPI","2,0",""
"2003M02","Europäische Union (EU6-1958, EU9-1973, EU10-1981, EU12-1986, EU15-1995, EU25-2004, EU27-2007, EU28-2013, EU27-2020)","Jährliche Veränderungsrate","Gesamt-HVPI","2,3",""
"2003M03","Europäische Union (EU6-1958, EU9-1973, EU10-1981, EU12-1986, EU15-1995, EU25-2004, EU27-2007, EU28-2013, EU27-2020)","Jährliche Veränderungsrate","Gesamt-HVPI","2,3",""
"2003M04","Europäische Union (EU6-1958, EU9-1973, EU10-1981, EU12-1986, EU15-1995, EU25-2004, EU27-2007, EU28-2013, EU27-2020)","Jährliche Veränderungsrate","Gesamt-HVPI","2,0",""
"2003M05","Europäische Union (EU6-1958, EU9-1973, EU10-1981, EU12-1986, EU15-1995, EU25-2004, EU27-2007, EU28-2013, EU27-2020)","Jährliche Veränderungsrate","Gesamt-HVPI","1,7",""
"2003M06","Europäische Union (EU6-1958, EU9-1973, EU10-1981, EU12-1986, EU15-1995, EU25-2004, EU27-2007, EU28-2013, EU27-2020)","Jährliche Veränderungsrate","Gesamt-HVPI","1,8",""
"2003M07","Europäische Union (EU6-1958, EU9-1973, EU10-1981, EU12-1986, EU15-1995, EU25-2004, EU27-2007, EU28-2013, EU27-2020)","Jährliche Veränderungsrate","Gesamt-HVPI","1,8",""
"2003M08","Europäische Union (EU6-1958, EU9-1973, EU10-1981, EU12-1986, EU15-1995, EU25-2004, EU27-2007, EU28-2013, EU27-2020)","Jährliche Veränderungsrate","Gesamt-HVPI","1,9",""
"2003M09","Europäische Union (EU6-1958, EU9-1973, EU10-1981, EU12-1986, EU15-1995, EU25-2004, EU27-2007, EU28-2013, EU27-2020)","Jährliche Veränderungsrate","Gesamt-HVPI","2,0",""
"2003M10","Europäische Union (EU6-1958, EU9-1973, EU10-1981, EU12-1986, EU15-1995, EU25-2004, EU27-2007, EU28-2013, EU27-2020)","Jährliche Veränderungsrate","Gesamt-HVPI","1,9",""
"2003M11","Europäische Union (EU6-1958, EU9-1973, EU10-1981, EU12-1986, EU15-1995, EU25-2004, EU27-2007, EU28-2013, EU27-2020)","Jährliche Veränderungsrate","Gesamt-HVPI","2,0",""
"2003M12","Europäische Union (EU6-1958, EU9-1973, EU10-1981, EU12-1986, EU15-1995, EU25-2004, EU27-2007, EU28-2013, EU27-2020)","Jährliche Veränderungsrate","Gesamt-HVPI","1,9",""
"2004M01","Europäische Union (EU6-1958, EU9-1973, EU10-1981, EU12-1986, EU15-1995, EU25-2004, EU27-2007, EU28-2013, EU27-2020)","Jährliche Veränderungsrate","Gesamt-HVPI","1,7",""
"2004M02","Europäische Union (EU6-1958, EU9-1973, EU10-1981, EU12-1986, EU15-1995, EU25-2004, EU27-2007, EU28-2013, EU27-2020)","Jährliche Veränderungsrate","Gesamt-HVPI","1,5",""
"2004M03","Europäische Union (EU6-1958, EU9-1973, EU10-1981, EU12-1986, EU15-1995, EU25-2004, EU27-2007, EU28-2013, EU27-2020)","Jährliche Veränderungsrate","Gesamt-HVPI","1,5",""
"2004M04","Europäische Union (EU6-1958, EU9-1973, EU10-1981, EU12-1986, EU15-1995, EU25-2004, EU27-2007, EU28-2013, EU27-2020)","Jährliche Veränderungsrate","Gesamt-HVPI","1,9",""
"2004M05","Europäische Union (EU6-1958, EU9-1973, EU10-1981, EU12-1986, EU15-1995, EU25-2004, EU27-2007, EU28-2013, EU27-2020)","Jährliche Veränderungsrate","Gesamt-HVPI","2,3",""
"2004M06","Europäische Union (EU6-1958, EU9-1973, EU10-1981, EU12-1986, EU15-1995, EU25-2004, EU27-2007, EU28-2013, EU27-2020)","Jährliche Veränderungsrate","Gesamt-HVPI","2,3",""
"2004M07","Europäische Union (EU6-1958, EU9-1973, EU10-1981, EU12-1986, EU15-1995, EU25-2004, EU27-2007, EU28-2013, EU27-2020)","Jährliche Veränderungsrate","Gesamt-HVPI","2,2",""
"2004M08","Europäische Union (EU6-1958, EU9-1973, EU10-1981, EU12-1986, EU15-1995, EU25-2004, EU27-2007, EU28-2013, EU27-2020)","Jährliche Veränderungsrate","Gesamt-HVPI","2,2",""
"2004M09","Europäische Union (EU6-1958, EU9-1973, EU10-1981, EU12-1986, EU15-1995, EU25-2004, EU27-2007, EU28-2013, EU27-2020)","Jährliche Veränderungsrate","Gesamt-HVPI","2,0",""
"2004M10","Europäische Union (EU6-1958, EU9-1973, EU10-1981, EU12-1986, EU15-1995, EU25-2004, EU27-2007, EU28-2013, EU27-2020)","Jährliche Veränderungsrate","Gesamt-HVPI","2,2",""
"2004M11","Europäische Union (EU6-1958, EU9-1973, EU10-1981, EU12-1986, EU15-1995, EU25-2004, EU27-2007, EU28-2013, EU27-2020)","Jährliche Veränderungsrate","Gesamt-HVPI","2,2",""
"2004M12","Europäische Union (EU6-1958, EU9-1973, EU10-1981, EU12-1986, EU15-1995, EU25-2004, EU27-2007, EU28-2013, EU27-2020)","Jährliche Veränderungsrate","Gesamt-HVPI","2,2",""
"2005M01","Europäische Union (EU6-1958, EU9-1973, EU10-1981, EU12-1986, EU15-1995, EU25-2004, EU27-2007, EU28-2013, EU27-2020)","Jährliche Veränderungsrate","Gesamt-HVPI","2,0",""
"2005M02","Europäische Union (EU6-1958, EU9-1973, EU10-1981, EU12-1986, EU15-1995, EU25-2004, EU27-2007, EU28-2013, EU27-2020)","Jährliche Veränderungsrate","Gesamt-HVPI","2,1",""
"2005M03","Europäische Union (EU6-1958, EU9-1973, EU10-1981, EU12-1986, EU15-1995, EU25-2004, EU27-2007, EU28-2013, EU27-2020)","Jährliche Veränderungsrate","Gesamt-HVPI","2,2",""
"2005M04","Europäische Union (EU6-1958, EU9-1973, EU10-1981, EU12-1986, EU15-1995, EU25-2004, EU27-2007, EU28-2013, EU27-2020)","Jährliche Veränderungsrate","Gesamt-HVPI","2,1",""
"2005M05","Europäische Union (EU6-1958, EU9-1973, EU10-1981, EU12-1986, EU15-1995, EU25-2004, EU27-2007, EU28-2013, EU27-2020)","Jährliche Veränderungsrate","Gesamt-HVPI","2,0",""
"2005M06","Europäische Union (EU6-1958, EU9-1973, EU10-1981, EU12-1986, EU15-1995, EU25-2004, EU27-2007, EU28-2013, EU27-2020)","Jährliche Veränderungsrate","Gesamt-HVPI","2,0",""
"2005M07","Europäische Union (EU6-1958, EU9-1973, EU10-1981, EU12-1986, EU15-1995, EU25-2004, EU27-2007, EU28-2013, EU27-2020)","Jährliche Veränderungsrate","Gesamt-HVPI","2,1",""
"2005M08","Europäische Union (EU6-1958, EU9-1973, EU10-1981, EU12-1986, EU15-1995, EU25-2004, EU27-2007, EU28-2013, EU27-2020)","Jährliche Veränderungsrate","Gesamt-HVPI","2,2",""
"2005M09","Europäische Union (EU6-1958, EU9-1973, EU10-1981, EU12-1986, EU15-1995, EU25-2004, EU27-2007, EU28-2013, EU27-2020)","Jährliche Veränderungsrate","Gesamt-HVPI","2,5",""
"2005M10","Europäische Union (EU6-1958, EU9-1973, EU10-1981, EU12-1986, EU15-1995, EU25-2004, EU27-2007, EU28-2013, EU27-2020)","Jährliche Veränderungsrate","Gesamt-HVPI","2,4",""
"2005M11","Europäische Union (EU6-1958, EU9-1973, EU10-1981, EU12-1986, EU15-1995, EU25-2004, EU27-2007, EU28-2013, EU27-2020)","Jährliche Veränderungsrate","Gesamt-HVPI","2,2",""
"2005M12","Europäische Union (EU6-1958, EU9-1973, EU10-1981, EU12-1986, EU15-1995, EU25-2004, EU27-2007, EU28-2013, EU27-2020)","Jährliche Veränderungsrate","Gesamt-HVPI","2,2",""
"2006M01","Europäische Union (EU6-1958, EU9-1973, EU10-1981, EU12-1986, EU15-1995, EU25-2004, EU27-2007, EU28-2013, EU27-2020)","Jährliche Veränderungsrate","Gesamt-HVPI","2,3",""
"2006M02","Europäische Union (EU6-1958, EU9-1973, EU10-1981, EU12-1986, EU15-1995, EU25-2004, EU27-2007, EU28-2013, EU27-2020)","Jährliche Veränderungsrate","Gesamt-HVPI","2,2",""
"2006M03","Europäische Union (EU6-1958, EU9-1973, EU10-1981, EU12-1986, EU15-1995, EU25-2004, EU27-2007, EU28-2013, EU27-2020)","Jährliche Veränderungsrate","Gesamt-HVPI","2,1",""
"2006M04","Europäische Union (EU6-1958, EU9-1973, EU10-1981, EU12-1986, EU15-1995, EU25-2004, EU27-2007, EU28-2013, EU27-2020)","Jährliche Veränderungsrate","Gesamt-HVPI","2,3",""
"2006M05","Europäische Union (EU6-1958, EU9-1973, EU10-1981, EU12-1986, EU15-1995, EU25-2004, EU27-2007, EU28-2013, EU27-2020)","Jährliche Veränderungsrate","Gesamt-HVPI","2,4",""
"2006M06","Europäische Union (EU6-1958, EU9-1973, EU10-1981, EU12-1986, EU15-1995, EU25-2004, EU27-2007, EU28-2013, EU27-2020)","Jährliche Veränderungsrate","Gesamt-HVPI","2,4",""
"2006M07","Europäische Union (EU6-1958, EU9-1973, EU10-1981, EU12-1986, EU15-1995, EU25-2004, EU27-2007, EU28-2013, EU27-2020)","Jährliche Veränderungsrate","Gesamt-HVPI","2,4",""
"2006M08","Europäische Union (EU6-1958, EU9-1973, EU10-1981, EU12-1986, EU15-1995, EU25-2004, EU27-2007, EU28-2013, EU27-2020)","Jährliche Veränderungsrate","Gesamt-HVPI","2,4",""
"2006M09","Europäische Union (EU6-1958, EU9-1973, EU10-1981, EU12-1986, EU15-1995, EU25-2004, EU27-2007, EU28-2013, EU27-2020)","Jährliche Veränderungsrate","Gesamt-HVPI","1,9",""
"2006M10","Europäische Union (EU6-1958, EU9-1973, EU10-1981, EU12-1986, EU15-1995, EU25-2004, EU27-2007, EU28-2013, EU27-2020)","Jährliche Veränderungsrate","Gesamt-HVPI","1,8",""
"2006M11","Europäische Union (EU6-1958, EU9-1973, EU10-1981, EU12-1986, EU15-1995, EU25-2004, EU27-2007, EU28-2013, EU27-2020)","Jährliche Veränderungsrate","Gesamt-HVPI","2,0",""
"2006M12","Europäische Union (EU6-1958, EU9-1973, EU10-1981, EU12-1986, EU15-1995, EU25-2004, EU27-2007, EU28-2013, EU27-2020)","Jährliche Veränderungsrate","Gesamt-HVPI","2,1",""
"2007M01","Europäische Union (EU6-1958, EU9-1973, EU10-1981, EU12-1986, EU15-1995, EU25-2004, EU27-2007, EU28-2013, EU27-2020)","Jährliche Veränderungsrate","Gesamt-HVPI","2,1",""
"2007M02","Europäische Union (EU6-1958, EU9-1973, EU10-1981, EU12-1986, EU15-1995, EU25-2004, EU27-2007, EU28-2013, EU27-2020)","Jährliche Veränderungsrate","Gesamt-HVPI","2,1",""
"2007M03","Europäische Union (EU6-1958, EU9-1973, EU10-1981, EU12-1986, EU15-1995, EU25-2004, EU27-2007, EU28-2013, EU27-2020)","Jährliche Veränderungsrate","Gesamt-HVPI","2,3",""
"2007M04","Europäische Union (EU6-1958, EU9-1973, EU10-1981, EU12-1986, EU15-1995, EU25-2004, EU27-2007, EU28-2013, EU27-2020)","Jährliche Veränderungsrate","Gesamt-HVPI","2,2",""
"2007M05","Europäische Union (EU6-1958, EU9-1973, EU10-1981, EU12-1986, EU15-1995, EU25-2004, EU27-2007, EU28-2013, EU27-2020)","Jährliche Veränderungsrate","Gesamt-HVPI","2,1",""
"2007M06","Europäische Union (EU6-1958, EU9-1973, EU10-1981, EU12-1986, EU15-1995, EU25-2004, EU27-2007, EU28-2013, EU27-2020)","Jährliche Veränderungsrate","Gesamt-HVPI","2,1",""
"2007M07","Europäische Union (EU6-1958, EU9-1973, EU10-1981, EU12-1986, EU15-1995, EU25-2004, EU27-2007, EU28-2013, EU27-2020)","Jährliche Veränderungsrate","Gesamt-HVPI","2,0",""
"2007M08","Europäische Union (EU6-1958, EU9-1973, EU10-1981, EU12-1986, EU15-1995, EU25-2004, EU27-2007, EU28-2013, EU27-2020)","Jährliche Veränderungsrate","Gesamt-HVPI","1,9",""
"2007M09","Europäische Union (EU6-1958, EU9-1973, EU10-1981, EU12-1986, EU15-1995, EU25-2004, EU27-2007, EU28-2013, EU27-2020)","Jährliche Veränderungsrate","Gesamt-HVPI","2,2",""
"2007M10","Europäische Union (EU6-1958, EU9-1973, EU10-1981, EU12-1986, EU15-1995, EU25-2004, EU27-2007, EU28-2013, EU27-2020)","Jährliche Veränderungsrate","Gesamt-HVPI","2,7",""
"2007M11","Europäische Union (EU6-1958, EU9-1973, EU10-1981, EU12-1986, EU15-1995, EU25-2004, EU27-2007, EU28-2013, EU27-2020)","Jährliche Veränderungsrate","Gesamt-HVPI","3,1",""
"2007M12","Europäische Union (EU6-1958, EU9-1973, EU10-1981, EU12-1986, EU15-1995, EU25-2004, EU27-2007, EU28-2013, EU27-2020)","Jährliche Veränderungsrate","Gesamt-HVPI","3,2",""
"2008M01","Europäische Union (EU6-1958, EU9-1973, EU10-1981, EU12-1986, EU15-1995, EU25-2004, EU27-2007, EU28-2013, EU27-2020)","Jährliche Veränderungsrate","Gesamt-HVPI","3,4",""
"2008M02","Europäische Union (EU6-1958, EU9-1973, EU10-1981, EU12-1986, EU15-1995, EU25-2004, EU27-2007, EU28-2013, EU27-2020)","Jährliche Veränderungsrate","Gesamt-HVPI","3,5",""
"2008M03","Europäische Union (EU6-1958, EU9-1973, EU10-1981, EU12-1986, EU15-1995, EU25-2004, EU27-2007, EU28-2013, EU27-2020)","Jährliche Veränderungsrate","Gesamt-HVPI","3,7",""
"2008M04","Europäische Union (EU6-1958, EU9-1973, EU10-1981, EU12-1986, EU15-1995, EU25-2004, EU27-2007, EU28-2013, EU27-2020)","Jährliche Veränderungsrate","Gesamt-HVPI","3,6",""
"2008M05","Europäische Union (EU6-1958, EU9-1973, EU10-1981, EU12-1986, EU15-1995, EU25-2004, EU27-2007, EU28-2013, EU27-2020)","Jährliche Veränderungsrate","Gesamt-HVPI","4,0",""
"2008M06","Europäische Union (EU6-1958, EU9-1973, EU10-1981, EU12-1986, EU15-1995, EU25-2004, EU27-2007, EU28-2013, EU27-2020)","Jährliche Veränderungsrate","Gesamt-HVPI","4,3",""
"2008M07","Europäische Union (EU6-1958, EU9-1973, EU10-1981, EU12-1986, EU15-1995, EU25-2004, EU27-2007, EU28-2013, EU27-2020)","Jährliche Veränderungsrate","Gesamt-HVPI","4,4",""
"2008M08","Europäische Union (EU6-1958, EU9-1973, EU10-1981, EU12-1986, EU15-1995, EU25-2004, EU27-2007, EU28-2013, EU27-2020)","Jährliche Veränderungsrate","Gesamt-HVPI","4,3",""
"2008M09","Europäische Union (EU6-1958, EU9-1973, EU10-1981, EU12-1986, EU15-1995, EU25-2004, EU27-2007, EU28-2013, EU27-2020)","Jährliche Veränderungsrate","Gesamt-HVPI","4,2",""
"2008M10","Europäische Union (EU6-1958, EU9-1973, EU10-1981, EU12-1986, EU15-1995, EU25-2004, EU27-2007, EU28-2013, EU27-2020)","Jährliche Veränderungsrate","Gesamt-HVPI","3,7",""
"2008M11","Europäische Union (EU6-1958, EU9-1973, EU10-1981, EU12-1986, EU15-1995, EU25-2004, EU27-2007, EU28-2013, EU27-2020)","Jährliche Veränderungsrate","Gesamt-HVPI","2,8",""
"2008M12","Europäische Union (EU6-1958, EU9-1973, EU10-1981, EU12-1986, EU15-1995, EU25-2004, EU27-2007, EU28-2013, EU27-2020)","Jährliche Veränderungsrate","Gesamt-HVPI","2,2",""
"2009M01","Europäische Union (EU6-1958, EU9-1973, EU10-1981, EU12-1986, EU15-1995, EU25-2004, EU27-2007, EU28-2013, EU27-2020)","Jährliche Veränderungsrate","Gesamt-HVPI","1,8",""
"2009M02","Europäische Union (EU6-1958, EU9-1973, EU10-1981, EU12-1986, EU15-1995, EU25-2004, EU27-2007, EU28-2013, EU27-2020)","Jährliche Veränderungsrate","Gesamt-HVPI","1,8",""
"2009M03","Europäische Union (EU6-1958, EU9-1973, EU10-1981, EU12-1986, EU15-1995, EU25-2004, EU27-2007, EU28-2013, EU27-2020)","Jährliche Veränderungsrate","Gesamt-HVPI","1,4",""
"2009M04","Europäische Union (EU6-1958, EU9-1973, EU10-1981, EU12-1986, EU15-1995, EU25-2004, EU27-2007, EU28-2013, EU27-2020)","Jährliche Veränderungsrate","Gesamt-HVPI","1,3",""
"2009M05","Europäische Union (EU6-1958, EU9-1973, EU10-1981, EU12-1986, EU15-1995, EU25-2004, EU27-2007, EU28-2013, EU27-2020)","Jährliche Veränderungsrate","Gesamt-HVPI","0,8",""
"2009M06","Europäische Union (EU6-1958, EU9-1973, EU10-1981, EU12-1986, EU15-1995, EU25-2004, EU27-2007, EU28-2013, EU27-2020)","Jährliche Veränderungsrate","Gesamt-HVPI","0,6",""
"2009M07","Europäische Union (EU6-1958, EU9-1973, EU10-1981, EU12-1986, EU15-1995, EU25-2004, EU27-2007, EU28-2013, EU27-2020)","Jährliche Veränderungsrate","Gesamt-HVPI","0,2",""
"2009M08","Europäische Union (EU6-1958, EU9-1973, EU10-1981, EU12-1986, EU15-1995, EU25-2004, EU27-2007, EU28-2013, EU27-2020)","Jährliche Veränderungsrate","Gesamt-HVPI","0,6",""
"2009M09","Europäische Union (EU6-1958, EU9-1973, EU10-1981, EU12-1986, EU15-1995, EU25-2004, EU27-2007, EU28-2013, EU27-2020)","Jährliche Veränderungsrate","Gesamt-HVPI","0,3",""
"2009M10","Europäische Union (EU6-1958, EU9-1973, EU10-1981, EU12-1986, EU15-1995, EU25-2004, EU27-2007, EU28-2013, EU27-2020)","Jährliche Veränderungsrate","Gesamt-HVPI","0,5",""
"2009M11","Europäische Union (EU6-1958, EU9-1973, EU10-1981, EU12-1986, EU15-1995, EU25-2004, EU27-2007, EU28-2013, EU27-2020)","Jährliche Veränderungsrate","Gesamt-HVPI","1,0",""
"2009M12","Europäische Union (EU6-1958, EU9-1973, EU10-1981, EU12-1986, EU15-1995, EU25-2004, EU27-2007, EU28-2013, EU27-2020)","Jährliche Veränderungsrate","Gesamt-HVPI","1,5",""
"2010M01","Europäische Union (EU6-1958, EU9-1973, EU10-1981, EU12-1986, EU15-1995, EU25-2004, EU27-2007, EU28-2013, EU27-2020)","Jährliche Veränderungsrate","Gesamt-HVPI","1,7",""
"2010M02","Europäische Union (EU6-1958, EU9-1973, EU10-1981, EU12-1986, EU15-1995, EU25-2004, EU27-2007, EU28-2013, EU27-2020)","Jährliche Veränderungsrate","Gesamt-HVPI","1,5",""
"2010M03","Europäische Union (EU6-1958, EU9-1973, EU10-1981, EU12-1986, EU15-1995, EU25-2004, EU27-2007, EU28-2013, EU27-2020)","Jährliche Veränderungsrate","Gesamt-HVPI","2,0",""
"2010M04","Europäische Union (EU6-1958, EU9-1973, EU10-1981, EU12-1986, EU15-1995, EU25-2004, EU27-2007, EU28-2013, EU27-2020)","Jährliche Veränderungsrate","Gesamt-HVPI","2,1",""
"2010M05","Europäische Union (EU6-1958, EU9-1973, EU10-1981, EU12-1986, EU15-1995, EU25-2004, EU27-2007, EU28-2013, EU27-2020)","Jährliche Veränderungsrate","Gesamt-HVPI","2,1",""
"2010M06","Europäische Union (EU6-1958, EU9-1973, EU10-1981, EU12-1986, EU15-1995, EU25-2004, EU27-2007, EU28-2013, EU27-2020)","Jährliche Veränderungsrate","Gesamt-HVPI","1,9",""
"2010M07","Europäische Union (EU6-1958, EU9-1973, EU10-1981, EU12-1986, EU15-1995, EU25-2004, EU27-2007, EU28-2013, EU27-2020)","Jährliche Veränderungsrate","Gesamt-HVPI","2,1",""
"2010M08","Europäische Union (EU6-1958, EU9-1973, EU10-1981, EU12-1986, EU15-1995, EU25-2004, EU27-2007, EU28-2013, EU27-2020)","Jährliche Veränderungsrate","Gesamt-HVPI","2,0",""
"2010M09","Europäische Union (EU6-1958, EU9-1973, EU10-1981, EU12-1986, EU15-1995, EU25-2004, EU27-2007, EU28-2013, EU27-2020)","Jährliche Veränderungsrate","Gesamt-HVPI","2,2",""
"2010M10","Europäische Union (EU6-1958, EU9-1973, EU10-1981, EU12-1986, EU15-1995, EU25-2004, EU27-2007, EU28-2013, EU27-2020)","Jährliche Veränderungsrate","Gesamt-HVPI","2,4",""
"2010M11","Europäische Union (EU6-1958, EU9-1973, EU10-1981, EU12-1986, EU15-1995, EU25-2004, EU27-2007, EU28-2013, EU27-2020)","Jährliche Veränderungsrate","Gesamt-HVPI","2,3",""
"2010M12","Europäische Union (EU6-1958, EU9-1973, EU10-1981, EU12-1986, EU15-1995, EU25-2004, EU27-2007, EU28-2013, EU27-2020)","Jährliche Veränderungsrate","Gesamt-HVPI","2,7",""
"2011M01","Europäische Union (EU6-1958, EU9-1973, EU10-1981, EU12-1986, EU15-1995, EU25-2004, EU27-2007, EU28-2013, EU27-2020)","Jährliche Veränderungsrate","Gesamt-HVPI","2,7",""
"2011M02","Europäische Union (EU6-1958, EU9-1973, EU10-1981, EU12-1986, EU15-1995, EU25-2004, EU27-2007, EU28-2013, EU27-2020)","Jährliche Veränderungsrate","Gesamt-HVPI","2,9",""
"2011M03","Europäische Union (EU6-1958, EU9-1973, EU10-1981, EU12-1986, EU15-1995, EU25-2004, EU27-2007, EU28-2013, EU27-2020)","Jährliche Veränderungsrate","Gesamt-HVPI","3,1",""
"2011M04","Europäische Union (EU6-1958, EU9-1973, EU10-1981, EU12-1986, EU15-1995, EU25-2004, EU27-2007, EU28-2013, EU27-2020)","Jährliche Veränderungsrate","Gesamt-HVPI","3,3",""
"2011M05","Europäische Union (EU6-1958, EU9-1973, EU10-1981, EU12-1986, EU15-1995, EU25-2004, EU27-2007, EU28-2013, EU27-2020)","Jährliche Veränderungsrate","Gesamt-HVPI","3,2",""
"2011M06","Europäische Union (EU6-1958, EU9-1973, EU10-1981, EU12-1986, EU15-1995, EU25-2004, EU27-2007, EU28-2013, EU27-2020)","Jährliche Veränderungsrate","Gesamt-HVPI","3,1",""
"2011M07","Europäische Union (EU6-1958, EU9-1973, EU10-1981, EU12-1986, EU15-1995, EU25-2004, EU27-2007, EU28-2013, EU27-2020)","Jährliche Veränderungsrate","Gesamt-HVPI","2,9",""
"2011M08","Europäische Union (EU6-1958, EU9-1973, EU10-1981, EU12-1986, EU15-1995, EU25-2004, EU27-2007, EU28-2013, EU27-2020)","Jährliche Veränderungsrate","Gesamt-HVPI","3,0",""
"2011M09","Europäische Union (EU6-1958, EU9-1973, EU10-1981, EU12-1986, EU15-1995, EU25-2004, EU27-2007, EU28-2013, EU27-2020)","Jährliche Veränderungsrate","Gesamt-HVPI","3,3",""
"2011M10","Europäische Union (EU6-1958, EU9-1973, EU10-1981, EU12-1986, EU15-1995, EU25-2004, EU27-2007, EU28-2013, EU27-2020)","Jährliche Veränderungsrate","Gesamt-HVPI","3,3",""
"2011M11","Europäische Union (EU6-1958, EU9-1973, EU10-1981, EU12-1986, EU15-1995, EU25-2004, EU27-2007, EU28-2013, EU27-2020)","Jährliche Veränderungsrate","Gesamt-HVPI","3,3",""
"2011M12","Europäische Union (EU6-1958, EU9-1973, EU10-1981, EU12-1986, EU15-1995, EU25-2004, EU27-2007, EU28-2013, EU27-2020)","Jährliche Veränderungsrate","Gesamt-HVPI","3,0",""
"2012M01","Europäische Union (EU6-1958, EU9-1973, EU10-1981, EU12-1986, EU15-1995, EU25-2004, EU27-2007, EU28-2013, EU27-2020)","Jährliche Veränderungsrate","Gesamt-HVPI","2,9",""
"2012M02","Europäische Union (EU6-1958, EU9-1973, EU10-1981, EU12-1986, EU15-1995, EU25-2004, EU27-2007, EU28-2013, EU27-2020)","Jährliche Veränderungsrate","Gesamt-HVPI","2,9",""
"2012M03","Europäische Union (EU6-1958, EU9-1973, EU10-1981, EU12-1986, EU15-1995, EU25-2004, EU27-2007, EU28-2013, EU27-2020)","Jährliche Veränderungsrate","Gesamt-HVPI","2,9",""
"2012M04","Europäische Union (EU6-1958, EU9-1973, EU10-1981, EU12-1986, EU15-1995, EU25-2004, EU27-2007, EU28-2013, EU27-2020)","Jährliche Veränderungsrate","Gesamt-HVPI","2,7",""
"2012M05","Europäische Union (EU6-1958, EU9-1973, EU10-1981, EU12-1986, EU15-1995, EU25-2004, EU27-2007, EU28-2013, EU27-2020)","Jährliche Veränderungsrate","Gesamt-HVPI","2,6",""
"2012M06","Europäische Union (EU6-1958, EU9-1973, EU10-1981, EU12-1986, EU15-1995, EU25-2004, EU27-2007, EU28-2013, EU27-2020)","Jährliche Veränderungsrate","Gesamt-HVPI","2,5",""
"2012M07","Europäische Union (EU6-1958, EU9-1973, EU10-1981, EU12-1986, EU15-1995, EU25-2004, EU27-2007, EU28-2013, EU27-2020)","Jährliche Veränderungsrate","Gesamt-HVPI","2,5",""
"2012M08","Europäische Union (EU6-1958, EU9-1973, EU10-1981, EU12-1986, EU15-1995, EU25-2004, EU27-2007, EU28-2013, EU27-2020)","Jährliche Veränderungsrate","Gesamt-HVPI","2,7",""
"2012M09","Europäische Union (EU6-1958, EU9-1973, EU10-1981, EU12-1986, EU15-1995, EU25-2004, EU27-2007, EU28-2013, EU27-2020)","Jährliche Veränderungsrate","Gesamt-HVPI","2,7",""
"2012M10","Europäische Union (EU6-1958, EU9-1973, EU10-1981, EU12-1986, EU15-1995, EU25-2004, EU27-2007, EU28-2013, EU27-2020)","Jährliche Veränderungsrate","Gesamt-HVPI","2,7",""
"2012M11","Europäische Union (EU6-1958, EU9-1973, EU10-1981, EU12-1986, EU15-1995, EU25-2004, EU27-2007, EU28-2013, EU27-2020)","Jährliche Veränderungsrate","Gesamt-HVPI","2,4",""
"2012M12","Europäische Union (EU6-1958, EU9-1973, EU10-1981, EU12-1986, EU15-1995, EU25-2004, EU27-2007, EU28-2013, EU27-2020)","Jährliche Veränderungsrate","Gesamt-HVPI","2,3",""
"2013M01","Europäische Union (EU6-1958, EU9-1973, EU10-1981, EU12-1986, EU15-1995, EU25-2004, EU27-2007, EU28-2013, EU27-2020)","Jährliche Veränderungsrate","Gesamt-HVPI","2,1",""
"2013M02","Europäische Union (EU6-1958, EU9-1973, EU10-1981, EU12-1986, EU15-1995, EU25-2004, EU27-2007, EU28-2013, EU27-2020)","Jährliche Veränderungsrate","Gesamt-HVPI","2,0",""
"2013M03","Europäische Union (EU6-1958, EU9-1973, EU10-1981, EU12-1986, EU15-1995, EU25-2004, EU27-2007, EU28-2013, EU27-2020)","Jährliche Veränderungsrate","Gesamt-HVPI","1,9",""
"2013M04","Europäische Union (EU6-1958, EU9-1973, EU10-1981, EU12-1986, EU15-1995, EU25-2004, EU27-2007, EU28-2013, EU27-2020)","Jährliche Veränderungsrate","Gesamt-HVPI","1,4",""
"2013M05","Europäische Union (EU6-1958, EU9-1973, EU10-1981, EU12-1986, EU15-1995, EU25-2004, EU27-2007, EU28-2013, EU27-2020)","Jährliche Veränderungsrate","Gesamt-HVPI","1,6",""
"2013M06","Europäische Union (EU6-1958, EU9-1973, EU10-1981, EU12-1986, EU15-1995, EU25-2004, EU27-2007, EU28-2013, EU27-2020)","Jährliche Veränderungsrate","Gesamt-HVPI","1,7",""
"2013M07","Europäische Union (EU6-1958, EU9-1973, EU10-1981, EU12-1986, EU15-1995, EU25-2004, EU27-2007, EU28-2013, EU27-2020)","Jährliche Veränderungsrate","Gesamt-HVPI","1,7",""
"2013M08","Europäische Union (EU6-1958, EU9-1973, EU10-1981, EU12-1986, EU15-1995, EU25-2004, EU27-2007, EU28-2013, EU27-2020)","Jährliche Veränderungsrate","Gesamt-HVPI","1,5",""
"2013M09","Europäische Union (EU6-1958, EU9-1973, EU10-1981, EU12-1986, EU15-1995, EU25-2004, EU27-2007, EU28-2013, EU27-2020)","Jährliche Veränderungsrate","Gesamt-HVPI","1,3",""
"2013M10","Europäische Union (EU6-1958, EU9-1973, EU10-1981, EU12-1986, EU15-1995, EU25-2004, EU27-2007, EU28-2013, EU27-2020)","Jährliche Veränderungsrate","Gesamt-HVPI","0,9",""
"2013M11","Europäische Union (EU6-1958, EU9-1973, EU10-1981, EU12-1986, EU15-1995, EU25-2004, EU27-2007, EU28-2013, EU27-2020)","Jährliche Veränderungsrate","Gesamt-HVPI","1,0",""
"2013M12","Europäische Union (EU6-1958, EU9-1973, EU10-1981, EU12-1986, EU15-1995, EU25-2004, EU27-2007, EU28-2013, EU27-2020)","Jährliche Veränderungsrate","Gesamt-HVPI","1,0",""
"2014M01","Europäische Union (EU6-1958, EU9-1973, EU10-1981, EU12-1986, EU15-1995, EU25-2004, EU27-2007, EU28-2013, EU27-2020)","Jährliche Veränderungsrate","Gesamt-HVPI","0,9",""
"2014M02","Europäische Union (EU6-1958, EU9-1973, EU10-1981, EU12-1986, EU15-1995, EU25-2004, EU27-2007, EU28-2013, EU27-2020)","Jährliche Veränderungsrate","Gesamt-HVPI","0,8",""
"2014M03","Europäische Union (EU6-1958, EU9-1973, EU10-1981, EU12-1986, EU15-1995, EU25-2004, EU27-2007, EU28-2013, EU27-2020)","Jährliche Veränderungsrate","Gesamt-HVPI","0,6",""
"2014M04","Europäische Union (EU6-1958, EU9-1973, EU10-1981, EU12-1986, EU15-1995, EU25-2004, EU27-2007, EU28-2013, EU27-2020)","Jährliche Veränderungsrate","Gesamt-HVPI","0,8",""
"2014M05","Europäische Union (EU6-1958, EU9-1973, EU10-1981, EU12-1986, EU15-1995, EU25-2004, EU27-2007, EU28-2013, EU27-2020)","Jährliche Veränderungsrate","Gesamt-HVPI","0,6",""
"2014M06","Europäische Union (EU6-1958, EU9-1973, EU10-1981, EU12-1986, EU15-1995, EU25-2004, EU27-2007, EU28-2013, EU27-2020)","Jährliche Veränderungsrate","Gesamt-HVPI","0,7",""
"2014M07","Europäische Union (EU6-1958, EU9-1973, EU10-1981, EU12-1986, EU15-1995, EU25-2004, EU27-2007, EU28-2013, EU27-2020)","Jährliche Veränderungsrate","Gesamt-HVPI","0,5",""
"2014M08","Europäische Union (EU6-1958, EU9-1973, EU10-1981, EU12-1986, EU15-1995, EU25-2004, EU27-2007, EU28-2013, EU27-2020)","Jährliche Veränderungsrate","Gesamt-HVPI","0,5",""
"2014M09","Europäische Union (EU6-1958, EU9-1973, EU10-1981, EU12-1986, EU15-1995, EU25-2004, EU27-2007, EU28-2013, EU27-2020)","Jährliche Veränderungsrate","Gesamt-HVPI","0,4",""
"2014M10","Europäische Union (EU6-1958, EU9-1973, EU10-1981, EU12-1986, EU15-1995, EU25-2004, EU27-2007, EU28-2013, EU27-2020)","Jährliche Veränderungsrate","Gesamt-HVPI","0,5",""
"2014M11","Europäische Union (EU6-1958, EU9-1973, EU10-1981, EU12-1986, EU15-1995, EU25-2004, EU27-2007, EU28-2013, EU27-2020)","Jährliche Veränderungsrate","Gesamt-HVPI","0,4",""
"2014M12","Europäische Union (EU6-1958, EU9-1973, EU10-1981, EU12-1986, EU15-1995, EU25-2004, EU27-2007, EU28-2013, EU27-2020)","Jährliche Veränderungsrate","Gesamt-HVPI","-0,1",""
"2015M01","Europäische Union (EU6-1958, EU9-1973, EU10-1981, EU12-1986, EU15-1995, EU25-2004, EU27-2007, EU28-2013, EU27-2020)","Jährliche Veränderungsrate","Gesamt-HVPI","-0,5",""
"2015M02","Europäische Union (EU6-1958, EU9-1973, EU10-1981, EU12-1986, EU15-1995, EU25-2004, EU27-2007, EU28-2013, EU27-2020)","Jährliche Veränderungsrate","Gesamt-HVPI","-0,3",""
"2015M03","Europäische Union (EU6-1958, EU9-1973, EU10-1981, EU12-1986, EU15-1995, EU25-2004, EU27-2007, EU28-2013, EU27-2020)","Jährliche Veränderungsrate","Gesamt-HVPI","-0,1",""
"2015M04","Europäische Union (EU6-1958, EU9-1973, EU10-1981, EU12-1986, EU15-1995, EU25-2004, EU27-2007, EU28-2013, EU27-2020)","Jährliche Veränderungsrate","Gesamt-HVPI","0,1",""
"2015M05","Europäische Union (EU6-1958, EU9-1973, EU10-1981, EU12-1986, EU15-1995, EU25-2004, EU27-2007, EU28-2013, EU27-2020)","Jährliche Veränderungsrate","Gesamt-HVPI","0,5",""
"2015M06","Europäische Union (EU6-1958, EU9-1973, EU10-1981, EU12-1986, EU15-1995, EU25-2004, EU27-2007, EU28-2013, EU27-2020)","Jährliche Veränderungsrate","Gesamt-HVPI","0,3",""
"2015M07","Europäische Union (EU6-1958, EU9-1973, EU10-1981, EU12-1986, EU15-1995, EU25-2004, EU27-2007, EU28-2013, EU27-2020)","Jährliche Veränderungsrate","Gesamt-HVPI","0,4",""
"2015M08","Europäische Union (EU6-1958, EU9-1973, EU10-1981, EU12-1986, EU15-1995, EU25-2004, EU27-2007, EU28-2013, EU27-2020)","Jährliche Veränderungsrate","Gesamt-HVPI","0,3",""
"2015M09","Europäische Union (EU6-1958, EU9-1973, EU10-1981, EU12-1986, EU15-1995, EU25-2004, EU27-2007, EU28-2013, EU27-2020)","Jährliche Veränderungsrate","Gesamt-HVPI","0,1",""
"2015M10","Europäische Union (EU6-1958, EU9-1973, EU10-1981, EU12-1986, EU15-1995, EU25-2004, EU27-2007, EU28-2013, EU27-2020)","Jährliche Veränderungsrate","Gesamt-HVPI","0,2",""
"2015M11","Europäische Union (EU6-1958, EU9-1973, EU10-1981, EU12-1986, EU15-1995, EU25-2004, EU27-2007, EU28-2013, EU27-2020)","Jährliche Veränderungsrate","Gesamt-HVPI","0,1",""
"2015M12","Europäische Union (EU6-1958, EU9-1973, EU10-1981, EU12-1986, EU15-1995, EU25-2004, EU27-2007, EU28-2013, EU27-2020)","Jährliche Veränderungsrate","Gesamt-HVPI","0,2",""
"2016M01","Europäische Union (EU6-1958, EU9-1973, EU10-1981, EU12-1986, EU15-1995, EU25-2004, EU27-2007, EU28-2013, EU27-2020)","Jährliche Veränderungsrate","Gesamt-HVPI","0,3",""
"2016M02","Europäische Union (EU6-1958, EU9-1973, EU10-1981, EU12-1986, EU15-1995, EU25-2004, EU27-2007, EU28-2013, EU27-2020)","Jährliche Veränderungsrate","Gesamt-HVPI","-0,1",""
"2016M03","Europäische Union (EU6-1958, EU9-1973, EU10-1981, EU12-1986, EU15-1995, EU25-2004, EU27-2007, EU28-2013, EU27-2020)","Jährliche Veränderungsrate","Gesamt-HVPI","0,0",""
"2016M04","Europäische Union (EU6-1958, EU9-1973, EU10-1981, EU12-1986, EU15-1995, EU25-2004, EU27-2007, EU28-2013, EU27-2020)","Jährliche Veränderungsrate","Gesamt-HVPI","-0,2",""
"2016M05","Europäische Union (EU6-1958, EU9-1973, EU10-1981, EU12-1986, EU15-1995, EU25-2004, EU27-2007, EU28-2013, EU27-2020)","Jährliche Veränderungsrate","Gesamt-HVPI","-0,1",""
"2016M06","Europäische Union (EU6-1958, EU9-1973, EU10-1981, EU12-1986, EU15-1995, EU25-2004, EU27-2007, EU28-2013, EU27-2020)","Jährliche Veränderungsrate","Gesamt-HVPI","0,1",""
"2016M07","Europäische Union (EU6-1958, EU9-1973, EU10-1981, EU12-1986, EU15-1995, EU25-2004, EU27-2007, EU28-2013, EU27-2020)","Jährliche Veränderungsrate","Gesamt-HVPI","0,2",""
"2016M08","Europäische Union (EU6-1958, EU9-1973, EU10-1981, EU12-1986, EU15-1995, EU25-2004, EU27-2007, EU28-2013, EU27-2020)","Jährliche Veränderungsrate","Gesamt-HVPI","0,2",""
"2016M09","Europäische Union (EU6-1958, EU9-1973, EU10-1981, EU12-1986, EU15-1995, EU25-2004, EU27-2007, EU28-2013, EU27-2020)","Jährliche Veränderungsrate","Gesamt-HVPI","0,4",""
"2016M10","Europäische Union (EU6-1958, EU9-1973, EU10-1981, EU12-1986, EU15-1995, EU25-2004, EU27-2007, EU28-2013, EU27-2020)","Jährliche Veränderungsrate","Gesamt-HVPI","0,5",""
"2016M11","Europäische Union (EU6-1958, EU9-1973, EU10-1981, EU12-1986, EU15-1995, EU25-2004, EU27-2007, EU28-2013, EU27-2020)","Jährliche Veränderungsrate","Gesamt-HVPI","0,6",""
"2016M12","Europäische Union (EU6-1958, EU9-1973, EU10-1981, EU12-1986, EU15-1995, EU25-2004, EU27-2007, EU28-2013, EU27-2020)","Jährliche Veränderungsrate","Gesamt-HVPI","1,1",""
"2017M01","Europäische Union (EU6-1958, EU9-1973, EU10-1981, EU12-1986, EU15-1995, EU25-2004, EU27-2007, EU28-2013, EU27-2020)","Jährliche Veränderungsrate","Gesamt-HVPI","1,7",""
"2017M02","Europäische Union (EU6-1958, EU9-1973, EU10-1981, EU12-1986, EU15-1995, EU25-2004, EU27-2007, EU28-2013, EU27-2020)","Jährliche Veränderungsrate","Gesamt-HVPI","2,0",""
"2017M03","Europäische Union (EU6-1958, EU9-1973, EU10-1981, EU12-1986, EU15-1995, EU25-2004, EU27-2007, EU28-2013, EU27-2020)","Jährliche Veränderungsrate","Gesamt-HVPI","1,7",""
"2017M04","Europäische Union (EU6-1958, EU9-1973, EU10-1981, EU12-1986, EU15-1995, EU25-2004, EU27-2007, EU28-2013, EU27-2020)","Jährliche Veränderungsrate","Gesamt-HVPI","2,0",""
"2017M05","Europäische Union (EU6-1958, EU9-1973, EU10-1981, EU12-1986, EU15-1995, EU25-2004, EU27-2007, EU28-2013, EU27-2020)","Jährliche Veränderungsrate","Gesamt-HVPI","1,6",""
"2017M06","Europäische Union (EU6-1958, EU9-1973, EU10-1981, EU12-1986, EU15-1995, EU25-2004, EU27-2007, EU28-2013, EU27-2020)","Jährliche Veränderungsrate","Gesamt-HVPI","1,5",""
"2017M07","Europäische Union (EU6-1958, EU9-1973, EU10-1981, EU12-1986, EU15-1995, EU25-2004, EU27-2007, EU28-2013, EU27-2020)","Jährliche Veränderungsrate","Gesamt-HVPI","1,5",""
"2017M08","Europäische Union (EU6-1958, EU9-1973, EU10-1981, EU12-1986, EU15-1995, EU25-2004, EU27-2007, EU28-2013, EU27-2020)","Jährliche Veränderungsrate","Gesamt-HVPI","1,7",""
"2017M09","Europäische Union (EU6-1958, EU9-1973, EU10-1981, EU12-1986, EU15-1995, EU25-2004, EU27-2007, EU28-2013, EU27-2020)","Jährliche Veränderungsrate","Gesamt-HVPI","1,8",""
"2017M10","Europäische Union (EU6-1958, EU9-1973, EU10-1981, EU12-1986, EU15-1995, EU25-2004, EU27-2007, EU28-2013, EU27-2020)","Jährliche Veränderungsrate","Gesamt-HVPI","1,7",""
"2017M11","Europäische Union (EU6-1958, EU9-1973, EU10-1981, EU12-1986, EU15-1995, EU25-2004, EU27-2007, EU28-2013, EU27-2020)","Jährliche Veränderungsrate","Gesamt-HVPI","1,8",""
"2017M12","Europäische Union (EU6-1958, EU9-1973, EU10-1981, EU12-1986, EU15-1995, EU25-2004, EU27-2007, EU28-2013, EU27-2020)","Jährliche Veränderungsrate","Gesamt-HVPI","1,6",""
"2018M01","Europäische Union (EU6-1958, EU9-1973, EU10-1981, EU12-1986, EU15-1995, EU25-2004, EU27-2007, EU28-2013, EU27-2020)","Jährliche Veränderungsrate","Gesamt-HVPI","1,6",""
"2018M02","Europäische Union (EU6-1958, EU9-1973, EU10-1981, EU12-1986, EU15-1995, EU25-2004, EU27-2007, EU28-2013, EU27-2020)","Jährliche Veränderungsrate","Gesamt-HVPI","1,4",""
"2018M03","Europäische Union (EU6-1958, EU9-1973, EU10-1981, EU12-1986, EU15-1995, EU25-2004, EU27-2007, EU28-2013, EU27-2020)","Jährliche Veränderungsrate","Gesamt-HVPI","1,6",""
"2018M04","Europäische Union (EU6-1958, EU9-1973, EU10-1981, EU12-1986, EU15-1995, EU25-2004, EU27-2007, EU28-2013, EU27-2020)","Jährliche Veränderungsrate","Gesamt-HVPI","1,5",""
"2018M05","Europäische Union (EU6-1958, EU9-1973, EU10-1981, EU12-1986, EU15-1995, EU25-2004, EU27-2007, EU28-2013, EU27-2020)","Jährliche Veränderungsrate","Gesamt-HVPI","2,0",""
"2018M06","Europäische Union (EU6-1958, EU9-1973, EU10-1981, EU12-1986, EU15-1995, EU25-2004, EU27-2007, EU28-2013, EU27-2020)","Jährliche Veränderungsrate","Gesamt-HVPI","2,1",""
"2018M07","Europäische Union (EU6-1958, EU9-1973, EU10-1981, EU12-1986, EU15-1995, EU25-2004, EU27-2007, EU28-2013, EU27-2020)","Jährliche Veränderungsrate","Gesamt-HVPI","2,2",""
"2018M08","Europäische Union (EU6-1958, EU9-1973, EU10-1981, EU12-1986, EU15-1995, EU25-2004, EU27-2007, EU28-2013, EU27-2020)","Jährliche Veränderungsrate","Gesamt-HVPI","2,2",""
"2018M09","Europäische Union (EU6-1958, EU9-1973, EU10-1981, EU12-1986, EU15-1995, EU25-2004, EU27-2007, EU28-2013, EU27-2020)","Jährliche Veränderungsrate","Gesamt-HVPI","2,2",""
"2018M10","Europäische Union (EU6-1958, EU9-1973, EU10-1981, EU12-1986, EU15-1995, EU25-2004, EU27-2007, EU28-2013, EU27-2020)","Jährliche Veränderungsrate","Gesamt-HVPI","2,3",""
"2018M11","Europäische Union (EU6-1958, EU9-1973, EU10-1981, EU12-1986, EU15-1995, EU25-2004, EU27-2007, EU28-2013, EU27-2020)","Jährliche Veränderungsrate","Gesamt-HVPI","2,0",""
"2018M12","Europäische Union (EU6-1958, EU9-1973, EU10-1981, EU12-1986, EU15-1995, EU25-2004, EU27-2007, EU28-2013, EU27-2020)","Jährliche Veränderungsrate","Gesamt-HVPI","1,6",""
"2019M01","Europäische Union (EU6-1958, EU9-1973, EU10-1981, EU12-1986, EU15-1995, EU25-2004, EU27-2007, EU28-2013, EU27-2020)","Jährliche Veränderungsrate","Gesamt-HVPI","1,5",""
"2019M02","Europäische Union (EU6-1958, EU9-1973, EU10-1981, EU12-1986, EU15-1995, EU25-2004, EU27-2007, EU28-2013, EU27-2020)","Jährliche Veränderungsrate","Gesamt-HVPI","1,6",""
"2019M03","Europäische Union (EU6-1958, EU9-1973, EU10-1981, EU12-1986, EU15-1995, EU25-2004, EU27-2007, EU28-2013, EU27-2020)","Jährliche Veränderungsrate","Gesamt-HVPI","1,6",""
"2019M04","Europäische Union (EU6-1958, EU9-1973, EU10-1981, EU12-1986, EU15-1995, EU25-2004, EU27-2007, EU28-2013, EU27-2020)","Jährliche Veränderungsrate","Gesamt-HVPI","1,9",""
"2019M05","Europäische Union (EU6-1958, EU9-1973, EU10-1981, EU12-1986, EU15-1995, EU25-2004, EU27-2007, EU28-2013, EU27-2020)","Jährliche Veränderungsrate","Gesamt-HVPI","1,6",""
"2019M06","Europäische Union (EU6-1958, EU9-1973, EU10-1981, EU12-1986, EU15-1995, EU25-2004, EU27-2007, EU28-2013, EU27-2020)","Jährliche Veränderungsrate","Gesamt-HVPI","1,6",""
"2019M07","Europäische Union (EU6-1958, EU9-1973, EU10-1981, EU12-1986, EU15-1995, EU25-2004, EU27-2007, EU28-2013, EU27-2020)","Jährliche Veränderungsrate","Gesamt-HVPI","1,4",""
"2019M08","Europäische Union (EU6-1958, EU9-1973, EU10-1981, EU12-1986, EU15-1995, EU25-2004, EU27-2007, EU28-2013, EU27-2020)","Jährliche Veränderungsrate","Gesamt-HVPI","1,4",""
"2019M09","Europäische Union (EU6-1958, EU9-1973, EU10-1981, EU12-1986, EU15-1995, EU25-2004, EU27-2007, EU28-2013, EU27-2020)","Jährliche Veränderungsrate","Gesamt-HVPI","1,2",""
"2019M10","Europäische Union (EU6-1958, EU9-1973, EU10-1981, EU12-1986, EU15-1995, EU25-2004, EU27-2007, EU28-2013, EU27-2020)","Jährliche Veränderungsrate","Gesamt-HVPI","1,1",""
"2019M11","Europäische Union (EU6-1958, EU9-1973, EU10-1981, EU12-1986, EU15-1995, EU25-2004, EU27-2007, EU28-2013, EU27-2020)","Jährliche Veränderungsrate","Gesamt-HVPI","1,3",""
"2019M12","Europäische Union (EU6-1958, EU9-1973, EU10-1981, EU12-1986, EU15-1995, EU25-2004, EU27-2007, EU28-2013, EU27-2020)","Jährliche Veränderungsrate","Gesamt-HVPI","1,6",""
"2020M01","Europäische Union (EU6-1958, EU9-1973, EU10-1981, EU12-1986, EU15-1995, EU25-2004, EU27-2007, EU28-2013, EU27-2020)","Jährliche Veränderungsrate","Gesamt-HVPI","1,7",""
"2020M02","Europäische Union (EU6-1958, EU9-1973, EU10-1981, EU12-1986, EU15-1995, EU25-2004, EU27-2007, EU28-2013, EU27-2020)","Jährliche Veränderungsrate","Gesamt-HVPI","1,6",""
"2020M03","Europäische Union (EU6-1958, EU9-1973, EU10-1981, EU12-1986, EU15-1995, EU25-2004, EU27-2007, EU28-2013, EU27-2020)","Jährliche Veränderungsrate","Gesamt-HVPI","1,2",""
"2020M04","Europäische Union (EU6-1958, EU9-1973, EU10-1981, EU12-1986, EU15-1995, EU25-2004, EU27-2007, EU28-2013, EU27-2020)","Jährliche Veränderungsrate","Gesamt-HVPI","0,7",""
"2020M05","Europäische Union (EU6-1958, EU9-1973, EU10-1981, EU12-1986, EU15-1995, EU25-2004, EU27-2007, EU28-2013, EU27-2020)","Jährliche Veränderungsrate","Gesamt-HVPI","0,6",""
"2020M06","Europäische Union (EU6-1958, EU9-1973, EU10-1981, EU12-1986, EU15-1995, EU25-2004, EU27-2007, EU28-2013, EU27-2020)","Jährliche Veränderungsrate","Gesamt-HVPI","0,8",""
"2020M07","Europäische Union (EU6-1958, EU9-1973, EU10-1981, EU12-1986, EU15-1995, EU25-2004, EU27-2007, EU28-2013, EU27-2020)","Jährliche Veränderungsrate","Gesamt-HVPI","0,9",""
"2020M08","Europäische Union (EU6-1958, EU9-1973, EU10-1981, EU12-1986, EU15-1995, EU25-2004, EU27-2007, EU28-2013, EU27-2020)","Jährliche Veränderungsrate","Gesamt-HVPI","0,4",""
"2020M09","Europäische Union (EU6-1958, EU9-1973, EU10-1981, EU12-1986, EU15-1995, EU25-2004, EU27-2007, EU28-2013, EU27-2020)","Jährliche Veränderungsrate","Gesamt-HVPI","0,3",""
"2020M10","Europäische Union (EU6-1958, EU9-1973, EU10-1981, EU12-1986, EU15-1995, EU25-2004, EU27-2007, EU28-2013, EU27-2020)","Jährliche Veränderungsrate","Gesamt-HVPI","0,3",""
"2020M11","Europäische Union (EU6-1958, EU9-1973, EU10-1981, EU12-1986, EU15-1995, EU25-2004, EU27-2007, EU28-2013, EU27-2020)","Jährliche Veränderungsrate","Gesamt-HVPI","0,2",""
"2020M12","Europäische Union (EU6-1958, EU9-1973, EU10-1981, EU12-1986, EU15-1995, EU25-2004, EU27-2007, EU28-2013, EU27-2020)","Jährliche Veränderungsrate","Gesamt-HVPI","0,3",""
"2021M01","Europäische Union (EU6-1958, EU9-1973, EU10-1981, EU12-1986, EU15-1995, EU25-2004, EU27-2007, EU28-2013, EU27-2020)","Jährliche Veränderungsrate","Gesamt-HVPI","1,2",""
"2021M02","Europäische Union (EU6-1958, EU9-1973, EU10-1981, EU12-1986, EU15-1995, EU25-2004, EU27-2007, EU28-2013, EU27-2020)","Jährliche Veränderungsrate","Gesamt-HVPI","1,3",""
"2021M03","Europäische Union (EU6-1958, EU9-1973, EU10-1981, EU12-1986, EU15-1995, EU25-2004, EU27-2007, EU28-2013, EU27-2020)","Jährliche Veränderungsrate","Gesamt-HVPI","1,7",""
"2021M04","Europäische Union (EU6-1958, EU9-1973, EU10-1981, EU12-1986, EU15-1995, EU25-2004, EU27-2007, EU28-2013, EU27-2020)","Jährliche Veränderungsrate","Gesamt-HVPI","2,0",""
"2021M05","Europäische Union (EU6-1958, EU9-1973, EU10-1981, EU12-1986, EU15-1995, EU25-2004, EU27-2007, EU28-2013, EU27-2020)","Jährliche Veränderungsrate","Gesamt-HVPI","2,3",""
"2021M06","Europäische Union (EU6-1958, EU9-1973, EU10-1981, EU12-1986, EU15-1995, EU25-2004, EU27-2007, EU28-2013, EU27-2020)","Jährliche Veränderungsrate","Gesamt-HVPI","2,2",""
"2021M07","Europäische Union (EU6-1958, EU9-1973, EU10-1981, EU12-1986, EU15-1995, EU25-2004, EU27-2007, EU28-2013, EU27-2020)","Jährliche Veränderungsrate","Gesamt-HVPI","2,5",""
"2021M08","Europäische Union (EU6-1958, EU9-1973, EU10-1981, EU12-1986, EU15-1995, EU25-2004, EU27-2007, EU28-2013, EU27-2020)","Jährliche Veränderungsrate","Gesamt-HVPI","3,2",""
"2021M09","Europäische Union (EU6-1958, EU9-1973, EU10-1981, EU12-1986, EU15-1995, EU25-2004, EU27-2007, EU28-2013, EU27-2020)","Jährliche Veränderungsrate","Gesamt-HVPI","3,6",""
"2021M10","Europäische Union (EU6-1958, EU9-1973, EU10-1981, EU12-1986, EU15-1995, EU25-2004, EU27-2007, EU28-2013, EU27-2020)","Jährliche Veränderungsrate","Gesamt-HVPI","4,4",""
"2021M11","Europäische Union (EU6-1958, EU9-1973, EU10-1981, EU12-1986, EU15-1995, EU25-2004, EU27-2007, EU28-2013, EU27-2020)","Jährliche Veränderungsrate","Gesamt-HVPI","5,2",""
"2021M12","Europäische Union (EU6-1958, EU9-1973, EU10-1981, EU12-1986, EU15-1995, EU25-2004, EU27-2007, EU28-2013, EU27-2020)","Jährliche Veränderungsrate","Gesamt-HVPI","5,3",""
"2022M01","Europäische Union (EU6-1958, EU9-1973, EU10-1981, EU12-1986, EU15-1995, EU25-2004, EU27-2007, EU28-2013, EU27-2020)","Jährliche Veränderungsrate","Gesamt-HVPI","5,6",""
"2022M02","Europäische Union (EU6-1958, EU9-1973, EU10-1981, EU12-1986, EU15-1995, EU25-2004, EU27-2007, EU28-2013, EU27-2020)","Jährliche Veränderungsrate","Gesamt-HVPI","6,2",""
"2022M03","Europäische Union (EU6-1958, EU9-1973, EU10-1981, EU12-1986, EU15-1995, EU25-2004, EU27-2007, EU28-2013, EU27-2020)","Jährliche Veränderungsrate","Gesamt-HVPI","7,8",""
"2022M04","Europäische Union (EU6-1958, EU9-1973, EU10-1981, EU12-1986, EU15-1995, EU25-2004, EU27-2007, EU28-2013, EU27-2020)","Jährliche Veränderungsrate","Gesamt-HVPI","8,1",""
"2022M05","Europäische Union (EU6-1958, EU9-1973, EU10-1981, EU12-1986, EU15-1995, EU25-2004, EU27-2007, EU28-2013, EU27-2020)","Jährliche Veränderungsrate","Gesamt-HVPI","8,8",""
"2022M06","Europäische Union (EU6-1958, EU9-1973, EU10-1981, EU12-1986, EU15-1995, EU25-2004, EU27-2007, EU28-2013, EU27-2020)","Jährliche Veränderungsrate","Gesamt-HVPI","9,6",""
"2022M07","Europäische Union (EU6-1958, EU9-1973, EU10-1981, EU12-1986, EU15-1995, EU25-2004, EU27-2007, EU28-2013, EU27-2020)","Jährliche Veränderungsrate","Gesamt-HVPI","9,8",""
